{
  "best": {
    "loss": 0.05463246129558386
  },
  "last": {
    "loss": 0.05463246129558386
  },
  "train.7": {
    "loss": 0.05463246129558386
  },
  "epoch_0": [
    "logs/checkpoints/train.1.pth",
    0.2043708443112539,
    {
      "loss": 0.2043708443112539
    }
  ],
  "epoch_1": [
    "logs/checkpoints/train.2.pth",
    0.1258579570862782,
    {
      "loss": 0.1258579570862782
    }
  ],
  "epoch_2": [
    "logs/checkpoints/train.3.pth",
    0.10010544938334817,
    {
      "loss": 0.10010544938334817
    }
  ],
  "epoch_3": [
    "logs/checkpoints/train.4.pth",
    0.07734489952127901,
    {
      "loss": 0.07734489952127901
    }
  ],
  "epoch_4": [
    "logs/checkpoints/train.5.pth",
    0.0843621893976333,
    {
      "loss": 0.0843621893976333
    }
  ],
  "epoch_5": [
    "logs/checkpoints/train.6.pth",
    0.07844375153889654,
    {
      "loss": 0.07844375153889654
    }
  ],
  "epoch_6": [
    "logs/checkpoints/train.7.pth",
    0.05463246129558386,
    {
      "loss": 0.05463246129558386
    }
  ]
}